{
  "##ш": 0.03855145283916745,
  "##э": 0.007021438725263888,
  "##ă": 0.00406066441885926,
  "##я": 0.016697224806783602,
  "##ф": 0.01352286482817261,
  "##б": 0.03379371784165844,
  "##ъ": 1.775652856822515e-05,
  "##щ": 0.00013190564079252967,
  "##ц": 0.0012749187511985657,
  "##ж": 0.0011414911222430452,
  "##с": 0.041570570025153394,
  "##л": 0.0160245060387417,
  "##и": 0.020828915339915762,
  "##е": 0.01082691646212837,
  "##в": 0.04372925656966191,
  "##х": 0.06708517958952993,
  "##р": 0.06382406628562848,
  "##г": 0.015748011522465053,
  "##т": 0.10375393307107786,
  "##ÿ": 0.000254679352607115,
  "##н": 0.01434017247169863,
  "##з": 0.0021840530138916934,
  "##у": 0.022994704495851566,
  "##ь": 1.521988162990727e-05,
  "##ы": 0.0026178196403440503,
  "##а": 0.042433537313569136,
  "##ю": 0.06855592748436665,
  "##ĕ": 0.00604280033646085,
  "##ç": 0.0635130733709907,
  "##м": 0.030359605216563695,
  "##ч": 0.022393011842082568,
  "##д": 0.010347997520173954,
  "##й": 0.007847370968380188,
  "##к": 0.09723322845143792,
  "##о": 0.026435412402985938,
  "##п": 0.08282659582995537
}