{
  "##з": 0.0037524276537221095,
  "##э": 0.022707899431423727,
  "##б": 0.009631523907445977,
  "##ъ": 0.0,
  "##ӱ": 0.0017400015818196197,
  "##ы": 0.018797289815718016,
  "##к": 0.10787131018603956,
  "##ю": 0.0022672747884316257,
  "##ч": 0.005510005009095463,
  "##д": 0.052419744624010264,
  "##о": 0.013383951561168086,
  "##ё": 0.0,
  "##щ": 3.515154710746707e-05,
  "##с": 0.06288611777525858,
  "##у": 0.01576546887769898,
  "##е": 0.004859701387607322,
  "##ӓ": 0.005413338254549928,
  "##ц": 0.012215162619844806,
  "##л": 0.06051338834550456,
  "##м": 0.0523845930769028,
  "##н": 0.0353273048430044,
  "##и": 0.040960340266976,
  "##й": 0.01845456223142021,
  "##ь": 0.00014939407520673503,
  "##р": 0.022101535243819918,
  "##т": 0.08075189159262872,
  "##г": 0.04170731064300968,
  "##я": 0.013586072957036021,
  "##а": 0.036838821368625485,
  "##ӧ": 0.0009930312057859446,
  "##в": 0.0494230752330987,
  "##ш": 0.06799187999261817,
  "##х": 0.018173349854560473,
  "##п": 0.07998734544304131,
  "##ӹ": 0.022409111281010256,
  "##ф": 0.012531526543812009,
  "##ж": 0.0064590967809970735
}