{
  "##a": 0.05939814618868244,
  "##p": 0.0734583315698142,
  "##n": 0.17682735853049478,
  "##j": 0.019786684725102636,
  "##v": 0.04698438227451644,
  "##č": 0.004956194184619292,
  "##r": 0.04311592669403649,
  "##f": 0.010881618487323825,
  "##l": 0.04185889025267702,
  "##ü": 0.01392051466542515,
  "##m": 0.0386930206966606,
  "##c": 0.004071612985144115,
  "##i": 0.020705125492021838,
  "##s": 0.08009480678884327,
  "##o": 0.07928640961611716,
  "##g": 0.014682354932915732,
  "##u": 0.011194819486181064,
  "##ä": 0.004088542768866128,
  "##h": 0.019156050281457653,
  "##d": 0.030460913361831803,
  "##b": 0.013256020654336141,
  "##z": 0.0038769204723409657,
  "##e": 0.03865069623735557,
  "##k": 0.09225885639310957,
  "##š": 0.0032081940153214543,
  "##ö": 0.00032166589071824607,
  "##’": 0.00036399035002327844,
  "##ž": 0.003948872053159521,
  "##t": 0.050857070300926906
}