{
  "##ш": 0.007683918042730096,
  "##э": 0.008522337447930269,
  "##ғ": 0.0053786501231727225,
  "##я": 0.024522919623670255,
  "##ф": 0.017425802657841934,
  "##ә": 0.009957116959661203,
  "##б": 0.11581689462896627,
  "##ъ": 4.625336917249947e-06,
  "##щ": 0.00020505660333141433,
  "##ж": 0.0011335159005207204,
  "##с": 0.03824937781509568,
  "##ё": 9.312344993396561e-05,
  "##л": 0.009002139064146332,
  "##и": 0.0470779125669479,
  "##ҙ": 0.0019179730416863114,
  "##е": 0.008988879764983547,
  "##в": 0.018026479745495462,
  "##х": 0.026792418271067563,
  "##ө": 0.01982851100845604,
  "##р": 0.04984417239925785,
  "##г": 0.014604963849908434,
  "##т": 0.07629554916162685,
  "##н": 0.01369716439094951,
  "##з": 0.005737267912156834,
  "##у": 0.039177528756490505,
  "##ү": 0.010896368709657427,
  "##ы": 0.002657101881062853,
  "##а": 0.05550065109326005,
  "##һ": 0.06498475026418382,
  "##ң": 2.6826954120049695e-05,
  "##м": 0.045615381033713466,
  "##ч": 0.003054264144357382,
  "##ҡ": 0.04092652282279995,
  "##д": 0.02426698431424909,
  "##ҫ": 0.00010453261432984881,
  "##й": 0.07439638582340402,
  "##к": 0.0657565648177756,
  "##о": 0.0336672107090734,
  "##п": 0.018162156295068125
}