{
  "##ш": 0.058969488822649345,
  "##э": 0.025362974639316506,
  "##я": 0.024998682591651528,
  "##ф": 0.006630573496493403,
  "##ӧ": 0.0003230514384953593,
  "##б": 0.005814925892916467,
  "##ъ": 2.7493739446413557e-05,
  "##щ": 6.64432036621661e-05,
  "##ц": 0.0007881538641305219,
  "##ж": 0.004770163793952752,
  "##с": 0.05132852040150024,
  "##ё": 2.062030458481017e-05,
  "##л": 0.03954057961385043,
  "##и": 0.04427179394358743,
  "##е": 0.014892442200140677,
  "##в": 0.06857625961421701,
  "##ҥ": 0.0010814204182255998,
  "##х": 0.002428613651099864,
  "##р": 0.030916710007492045,
  "##г": 0.02742958738770526,
  "##т": 0.07137374760288959,
  "##н": 0.034183882711707525,
  "##з": 0.0040140859591763795,
  "##у": 0.023179513498280496,
  "##ь": 2.520259449254576e-05,
  "##ы": 0.007114005081759508,
  "##а": 0.026208407127293724,
  "##ӱ": 0.007549322622994389,
  "##ю": 0.003970554205052891,
  "##м": 0.06860604449861729,
  "##ч": 0.02035682291511537,
  "##д": 0.04990801053010221,
  "##й": 0.020425557263731405,
  "##к": 0.12373328323363034,
  "##о": 0.039281680234063365,
  "##п": 0.09183138089597515
}