{
  "##г": 0.03311173014349587,
  "##ц": 0.001942929375687633,
  "##в": 0.07012102343219645,
  "##э": 0.010334979751398675,
  "##н": 0.06893887965542264,
  "##ӟ": 0.0036634752686158386,
  "##а": 0.06329736182963085,
  "##и": 0.03748917343570776,
  "##ы": 0.002879280882043119,
  "##ж": 0.003230412696926426,
  "##б": 0.04028652356094478,
  "##ю": 0.0076312647767972095,
  "##у": 0.06196306093307428,
  "##х": 0.003125073152461434,
  "##ӥ": 5.8521969147217865e-05,
  "##ч": 0.013366417753224561,
  "##ъ": 5.8521969147217865e-05,
  "##ӝ": 0.0025866710363070295,
  "##е": 0.006870479177883378,
  "##д": 0.03251480605819425,
  "##о": 0.03147311500737377,
  "##ь": 4.681757531777429e-05,
  "##р": 0.016058428333996583,
  "##т": 0.06981670919263092,
  "##з": 0.008403754769540486,
  "##ш": 0.025890119150729182,
  "##м": 0.041691050820478005,
  "##щ": 0.00016386151361221004,
  "##л": 0.03300639059903088,
  "##ф": 0.009609307333973173,
  "##п": 0.07523584353566329,
  "##й": 0.005068002528149067,
  "##к": 0.11127367213652005,
  "##ё": 0.014220838502773942,
  "##с": 0.08003464500573515,
  "##ӵ": 0.004084833446475807,
  "##ӧ": 0.0039443807205224845,
  "##я": 0.006507642969170627
}