{
  "##һ": 0.010742209129770317,
  "##е": 0.003610268222994972,
  "##з": 0.02323418015902899,
  "##т": 0.07838490332011783,
  "##ы": 0.000797359852931405,
  "##б": 0.14844182595406322,
  "##җ": 0.036855744313273826,
  "##л": 0.019025892046335466,
  "##ә": 0.006223836629825688,
  "##с": 0.06456399920264015,
  "##й": 0.0058694544729672865,
  "##о": 0.03913707944804979,
  "##н": 0.05413187446012093,
  "##р": 0.01282420430131343,
  "##ё": 0.0008638065073423554,
  "##г": 0.04066535249950165,
  "##к": 0.07278123546479434,
  "##ч": 0.008926000575871005,
  "##э": 0.030188929987375136,
  "##в": 0.013400075306208332,
  "##ь": 8.859553921460054e-05,
  "##ф": 0.002303484019579614,
  "##ю": 0.003610268222994972,
  "##п": 0.0165673658331303,
  "##д": 0.030299674411393387,
  "##у": 0.032802498394205855,
  "##ж": 0.002613568406830716,
  "##ъ": 8.859553921460054e-05,
  "##ш": 0.01807348999977851,
  "##а": 0.031540011960397796,
  "##я": 0.009014596115085606,
  "##и": 0.022326075882079337,
  "##ң": 0.00022148884803650136,
  "##ү": 0.019867549668874173,
  "##щ": 0.00019933996323285124,
  "##ц": 0.015039092781678443,
  "##х": 0.05953620235221157,
  "##м": 0.03408713371281756,
  "##ө": 0.03105273649471749
}