{
  "##ы": 0.000738844689448646,
  "##о": 0.028539803855661714,
  "##щ": 5.397631981740582e-05,
  "##җ": 0.02428548846641709,
  "##в": 0.010383431653186023,
  "##с": 0.07466221864405176,
  "##ъ": 9.463380747207514e-06,
  "##ё": 1.366932774596641e-05,
  "##ж": 0.0006298405630641446,
  "##е": 0.0605610803395461,
  "##ь": 1.4370318912426225e-05,
  "##й": 0.0028730122957355553,
  "##д": 0.038967397952334705,
  "##и": 0.034898845222201935,
  "##ц": 0.000829973541088422,
  "##а": 0.06081133418597225,
  "##х": 0.026781718010180495,
  "##ү": 0.010779491662235819,
  "##г": 0.015109163601874871,
  "##л": 0.0033857873340009106,
  "##һ": 0.02242751137971535,
  "##б": 0.1278807670105145,
  "##ә": 0.00788369715359032,
  "##н": 0.013861048829993169,
  "##я": 0.01926463923664866,
  "##ю": 0.008451850494006,
  "##ч": 0.01803545122626137,
  "##э": 0.006595976380803638,
  "##т": 0.0718852421381212,
  "##ш": 0.012129250153254193,
  "##ң": 1.682378799503558e-05,
  "##м": 0.04796461957384644,
  "##п": 0.017381075972371134,
  "##к": 0.11970090108909492,
  "##з": 0.005696955209818924,
  "##р": 0.040517289421377355,
  "##ф": 0.014640551007096485,
  "##у": 0.04344532952368001,
  "##ө": 0.007892109047587836
}