{
  "##ш": 0.020294675571031366,
  "##э": 0.010103162435361069,
  "##я": 0.0037938830132785905,
  "##ф": 0.007483824026193384,
  "##ӧ": 0.01422965984980381,
  "##б": 0.029581893303536628,
  "##ъ": 4.15768001455188e-05,
  "##щ": 0.00018189850063664474,
  "##ц": 0.001003040303510641,
  "##ж": 0.005306239118571837,
  "##с": 0.09388561182859964,
  "##ё": 0.002567367408985786,
  "##л": 0.04371800535301302,
  "##и": 0.018896655666138296,
  "##е": 0.007151209625029234,
  "##в": 0.10818283397863993,
  "##х": 0.003663955512823844,
  "##р": 0.035849595925473585,
  "##г": 0.03460748902112621,
  "##т": 0.0501260296754411,
  "##н": 0.05337421718680976,
  "##з": 0.008944209131304733,
  "##у": 0.026759867993659536,
  "##ь": 1.559130005456955e-05,
  "##ы": 0.0060390302211366055,
  "##а": 0.03709689992983915,
  "##ю": 0.013964607748876126,
  "##м": 0.05758906530156173,
  "##ч": 0.01351246004729361,
  "##і": 0.00553491151937219,
  "##д": 0.05503728919263051,
  "##й": 0.014078943949276303,
  "##к": 0.12182002442637009,
  "##о": 0.028178676298625367,
  "##п": 0.0673855988358496
}