{
  "##ъ": 1.0544852530237365e-05,
  "##х": 0.11705137803647817,
  "##т": 0.08421470725731901,
  "##к": 0.01569425551583661,
  "##с": 0.037030007135350214,
  "##г": 0.05273832245456047,
  "##р": 0.00821795507189832,
  "##ш": 0.024017659113037305,
  "##ч": 0.0035360405484729297,
  "##п": 0.01152552381554944,
  "##у": 0.042161835366732396,
  "##и": 0.012994773268095845,
  "##ж": 0.007205649228995532,
  "##ю": 0.01139898558518659,
  "##б": 0.12280183761630094,
  "##ы": 0.0006221462992840046,
  "##в": 0.009103722684438258,
  "##м": 0.0388612965247681,
  "##а": 0.06045715450669423,
  "##э": 0.04323741032481661,
  "##л": 0.006942027915739599,
  "##о": 0.04766976333835971,
  "##ь": 1.0544852530237365e-05,
  "##н": 0.05513903388061118,
  "##е": 0.009985975346134785,
  "##я": 0.009096692782751433,
  "##з": 0.041297157459252935,
  "##ф": 0.004927961082464262,
  "##ө": 0.004326904488240732,
  "##д": 0.05207751169599893,
  "##һ": 0.020854203353966094,
  "##й": 0.00047100341301726893,
  "##ц": 0.0025307646072569674,
  "##щ": 4.217941012094946e-05,
  "##ү": 0.03943774846308774,
  "##ё": 0.002309322704121983
}